Popis,,"Stav zásoby","Cena bez DPH","Cena s DPH",,,Zkratka
"AH  2316  X",,0,"567,9","687,16",,,Ložisko
"AH 2318  X",,0,"594,9","719,83",,,Ložisko
"AH 310  X",,0,"569,4","688,97",,,Ložisko
"AH 3128",,0,1241,"1501,61",,,Ložisko
"AH 316",,0,"569,4","688,97",,,Ložisko
"AH(X) 318",,0,"594,9","719,83",,,Ložisko
"AL-KO 605-124 FLT",,0,"1211,8","1466,28",,,Ložisko
"AS 2542                    INA",,0,"21,7","26,26",,,Ložisko
"AS 3552                    INA",,0,"21,7","26,26",,,Ložisko
"AXK 1226        TORR",,0,40,"48,4",,,Ložisko
"AXK 1528",,0,"66,7","80,71",,,Ložisko
"AXK 3552                   TORR",,0,"62,6","75,75",,,Ložisko
"B 7202 CATB  P50M         pár",,0,"2496,6","3020,89",,,"B 7202 CATB  P50M"
"B 90 P 12046-bronz",,0,"2496,6","3020,89",,,12046-bronz
"BRO-MET 80/85x40  -bronz",,0,"335,8","406,32",,,"bronzové pouzdro"
"D 35BD219T12DDUCG21      35x55x20    NSK",,0,"912,3","1103,88",,,Ložisko
"D 40BGS11G                40x62x24   NSK",,0,"702,3","849,78",,,"Ložisko klim."
"D 40BGS39G              40x66x24 NACHI",,0,1057,"1278,97",,,"Ložisko klim."
"DAC  32550023             32x55x23",,1,"360,3","435,96",,,Ložisko
"DAC  355020 RD3X",,0,"395,1","478,07",,,Ložisko
"DAC  35520022             35x52x22",,1,"395,1","478,07",,,Ložisko
"DAC 30520022             30x52x22",,2,"395,1","478,07",,,Ložisko
"DAC 30550023                   30x55x23",,1,"489,2","591,93",,,Ložisko
"DAC 35520020 IB \M1       35x52x20",,4,"496,6","600,89",,,Ložisko
"DAC 35550020                   35x55x20",,0,"552,8","668,89",,,Ložisko
"DAC 406200206              40x62x20,6",,2,"572,6","692,85",,,Ložisko
"DAC 40620024                   40x62x24",,1,"594,6","719,47",,,Ložisko
"E 11",,0,"129,9","157,18",,,Ložisko
"E 12",,0,235,"284,35",,,Ložisko
"E 13",,0,269,"325,49",,,Ložisko
"E 15",,0,221,"267,41",,,Ložisko
"E 5 M",,0,"80,3","97,16",,,Ložisko
"E 6",,0,"42,3","51,18",,,Ložisko
"E 8",,0,"129,9","157,18",,,Ložisko
"GE 10 E                IKO",,1,"175,3","212,11",,,"Ložisko kloub."
"GE 12 ES",,2,"46,7","56,51",,,"Ložisko kloub."
"GE 15  ES",,4,"55,9","67,64",,,"Ložisko kloub."
"GE 17  ES",,9,50,"60,5",,,"Ložisko kloub."
"GE 20 ES",,18,"56,4","68,24",,,"Ložisko kloub."
"GE 20 2RS",,8,"56,4","68,24",,,"Ložisko kloub."
"GE 25  ES               ZKL",,16,"59,1","71,51",,,"Ložisko kloub."
"GE 25 E",,0,"62,9","76,11",,,"Kloubové ložisko"
"GE 30 ES",,15,66,"79,86",,,"Ložisko kloub."
"GE 30 ES                    ZKL",,0,66,"79,86",,,"Ložisko kloub."
"GE 35",,20,"81,8","98,98",,,"Ložisko kloub."
"GE 35  2RS",,0,"106,4","128,74",,,"Ložisko kloub."
"GE 40 ES                 ZKL",,7,"101,4","122,69",,,"Ložisko kloub."
"GE 40 2RS",,0,"87,5","105,88",,,"Ložisko kloub."
"GE 45",,3,"163,5","197,84",,,"Ložisko kloub."
"GE 45 ŠS 45*70*32*25   RUS",,0,"341,1","412,73",,,"Ložisko kloub."
"GE 50",,15,"160,2","193,84",,,"Ložisko kloub."
"GE 50 ES 2RS",,0,219,"264,99",,,"Ložisko kloub."
"GE 60 ES",,2,853,"1032,13",,,"Ložisko kloub."
"GE 70 ES",,3,371,"448,91",,,"Ložisko kloub."
"GEEW    32  ES",,1,181,"219,01",,,Dom.ložisko
"GEEW    50  ES (SRC 50 ES)",,0,"321,2","388,65",,,Dom.ložisko
"GEG 25 (SRL 25  2RS)",,3,"170,8","206,67",,,"Ložisko kloub."
"GEG 30 (SRL 30 2RS)",,4,231,"279,51",,,"Ložisko kloub."
"GEG 32  (SRC 32)",,0,288,"348,48",,,"Ložisko kloub."
"GEG 35 (SRL 35 2RS)",,1,231,"279,51",,,"Ložisko kloub."
"GEG 40  (SRC 40 2 RS)",,0,184,"222,64",,,"Ložisko kloub."
"GEG 40 ES 2RS  (SRL 40)",,2,"285,4","345,33",,,"Ložisko kloub."
"GEG 45 ES 2RS  (SRL 45)",,2,"260,2","314,84",,,"Ložisko kloub."
"GEG 50 ES 2RS  (SRL 50 2RS)",,2,"473,3","572,69",,,"Ložisko kloub."
"GEG 70 ES 2RS  (SRL 70 2RS)",,0,"995,7","1204,8",,,"Ložisko kloub."
"GEH 35 ES-2RS 35/62",,0,"470,1","568,82",,,"Ložisko kloub."
"GEH 80 ES-2RS",,0,3358,"4063,18",,,"Ložisko kloub."
"H 207",,4,"98,5","119,19",,,"Upínací pouzdro"
"H 209",,6,41,"49,61",,,"Upínací pouzdro"
"H 210",,5,"86,3","104,42",,,"Upínací pouzdro"
"H 211                        ZKL",,7,"173,9","210,42",,,"Upínací pouzdro"
"H 211          CN",,0,"51,7","62,56",,,"Upínací pouzdro"
"H 212",,4,"168,7","204,13",,,"Upínací pouzdro"
"H 213",,1,"175,2","211,99",,,"Upínací pouzdro"
"H 2308",,0,"102,5","124,03",,,"Upínací pouzdro"
"H 2310",,0,100,121,,,"Upínací pouzdro"
"H 2311",,4,157,"189,97",,,"Upínací pouzdro"
"H 2313",,1,"373,2","451,57",,,"Upínací pouzdro"
"H 2315",,0,"394,2","476,98",,,"Upínací pouzdro"
"H 2316",,1,"450,7","545,35",,,"Upínací pouzdro"
"H 2318",,0,"897,9","1086,46",,,"Upínací pouzdro"
"H 2320",,0,"689,8","834,66",,,"Upínací pouzdro"
"H 2322",,0,"432,5","523,33",,,"Upínací pouzdro"
"H 308",,2,"121,8","147,38",,,"Upínací pouzdro"
"H 309",,3,"49,3","59,65",,,"Upínací pouzdro"
"H 310",,2,"179,6","217,32",,,"Upínací pouzdro"
"H 311",,7,"179,6","217,32",,,"Upínací pouzdro"
"H 312",,0,"160,6","194,33",,,"Upínací pouzdro"
"H 3122",,0,"827,8","1001,64",,,"Upínací pouzdro"
"H 3124",,0,"861,4","1042,29",,,"Upínací pouzdro"
"H 3128",,0,1533,"1854,93",,,"Upínací pouzdro"
"H 313",,0,"218,3","264,14",,,"Upínací pouzdro"
"H 315",,0,"361,1","436,93",,,"Upínací pouzdro"
"H 316",,0,"482,4","583,7",,,"Upínací pouzdro"
"H 317",,0,"436,5","528,17",,,"Upínací pouzdro"
"H 318",,4,190,"229,9",,,"Upínací pouzdro"
"H 320",,1,"608,7","736,53",,,"Upínací pouzdro"
"H 322",,0,"351,3","425,07",,,"Upínací pouzdro"
"HK 0608",,0,"56,4","68,24",,,Ložisko
"HK 0808      SKF",,0,"56,9","68,85",,,Ložisko
"HK 0810       SKF",,6,"71,5","86,52",,,Ložislo
"HK 0910",,0,"45,1","54,57",,,Ložisko
"HK 1010",,0,"62,8","75,99",,,Ložisko
"HK 1012",,0,"79,5","96,2",,,Ložisko
"HK 1014  2RS            SKF",,0,"137,2","166,01",,,Ložisko
"HK 1210      TIMKEN",,0,"70,4","85,18",,,Ložisko
"HK 1212                   TIMKEN",,6,"77,3","93,53",,,Ložisko
"HK 1216                    TIMKEN",,3,"92,2","111,56",,,Ložisko
"HK 1412",,4,"69,2","83,73",,,Ložisko
"HK 1414    RS           INA",,0,128,"154,88",,,Ložisko
"HK 1512",,0,"64,4","77,92",,,Ložisko
"HK 1516",,4,"91,8","111,08",,,Ložisko
"HK 1522",,0,"95,3","115,31",,,Ložisko
"HK 1612",,3,"96,85","117,19",,,Ložisko
"HK 1612    (TLA..Z.)",,3,"96,85","117,19",,,Ložisko
"HK 1616      RS            TORR",,0,"74,5","90,15",,,Ložisko
"HK 1712",,2,"66,9","80,95",,,Ložisko
"HK 1812",,3,110,"133,1",,,Ložisko
"HK 1816",,2,"83,7","101,28",,,Ložisko
"HK 2010",,0,"142,5","172,43",,,Ložisko
"HK 2014",,0,"96,19","116,4",,,Ložisko
"HK 2016",,0,"96,19","116,4",,,Ložisko
"HK 2018   RS           SKF",,2,"129,33","156,5",,,Ložisko
"HK 2020",,2,"93,2","112,77",,,Ložisko
"HK 2212         SKF",,1,"100,5","121,61",,,Ložisko
"HK 2216         SKF",,2,"114,8","138,91",,,Ložisko
"HK 2218 RS               SKF",,4,"131,4","158,99",,,Ložisko
"HK 2220                  TORR",,0,"89,2","107,93",,,Ložisko
"HK 2512",,1,"92,7","112,17",,,"Ložisko,"
"HK 2524",,0,"155,6","188,28",,,"Ložisko,"
"HK 2526      SKF",,0,"118,3","143,14",,,"Ložisko,"
"HK 2820 B                 INA",,2,"132,31","160,1",,,Ložisko
"HK 3016                    TORR",,0,"110,8","134,07",,,Ložisko
"HK 3018                    KOYO-TIM",,2,"141,8","171,58",,,Ložisko
"HK 3020                       INA",,5,110,"133,1",,,Ložisko
"HK 3020     IKO",,6,"123,2","149,07",,,Ložisko
"HK 3038",,1,79,"95,59",,,Ložisko
"HK 303832",,2,79,"95,59",,,Ložisko
"HK 3512                    TORR",,2,148,"179,08",,,Ložisko
"HK 3516                    INA",,1,"123,1","148,95",,,Ložisko
"HK 3516                    SKF",,4,"123,1","148,95",,,Ložisko
"HK 3518      INA",,1,"179,3","216,95",,,Ložisko
"HK 3520                    SKF",,0,148,"179,08",,,Ložisko
"HK 3520     INA",,2,148,"179,08",,,Ložisko
"HK 4016                     TORR",,4,"180,5","218,41",,,Ložisko
"HK 4020                      TORR",,3,"187,6",227,,,Ložisko
"HK 506038        Čína",,0,79,"95,59",,,Ložisko
"JEH 1x16",,0,"1,2","1,45",,,Ložisko
"JEH 1,5x7,8",,0,"1,2","1,45",,,Ložisko
"JEH 2x11,8",,41,"1,4","1,69",,,Ložisko
"JEH 2x15,8",,0,"1,2","1,45",,,Ložisko
"JEH 2,5x11,8",,0,"1,3","1,57",,,Ložisko
"JEH 2,5x15,8",,0,"2,2","2,66",,,Ložisko
"JEH 2,5x9,8",,0,"1,5","1,82",,,Ložisko
"JEH 3x13,8  A5",,46,"1,5","1,82",,,Ložisko
"JEH 3x17,8",,50,"1,4","1,69",,,Ložisko
"JEH 3x19,80",,0,"2,23","2,7",,,Ložisko
"JEH 3x23,8   A2",,0,"3,2","3,87",,,"JEHLA 3x23,8  A2"
"JEH 3x27,8",,9,"2,3","2,78",,,Ložisko
"JEH 3x29,8 A5",,0,2,"2,42",,,"JEHLA 3x29,8 A5"
"JEH 4 x 8",,0,"6,7","8,11",,,Ložisko
"JEH. 5x29,8",,0,"7,95","9,62",,,Ložisko
"JEH. 5x49,8",,0,"9,5","11,5",,,Ložisko
"K 12x15x13",,0,"116,8","141,33",,,"Jehlová klec"
"K 12x16x10 FV",,0,"104,8","126,81",,,Ložisko
"K 12x16x13 F            TIM",,0,"98,4","119,06",,,"Jehlová klec"
"K 14x18x10                TORR",,0,"58,6","70,91",,,"Jehlová klec"
"K 14x18x13                TORR   Ojnice",,0,"71,1","86,03",,,"Jehlová klec"
"K 15x19x13",,0,"36,3","43,92",,,"Jehlová klec"
"k 15X19X13     INA",,1,"80,3","97,16",,,"Jehlová klec"
"K 16x20x10  F         Koyo",,0,"91,8","111,08",,,"Jehlová klec"
"K 18x22x13",,0,"119,9","145,08",,,"Jehlová klec"
"K 20x24x17",,0,188,"227,48",,,"Jehlová klec"
"K 20x26x17",,3,"29,4","35,57",,,"Jehlová klec"
"K 25X 30X13 DESTA",,0,"2776,9","3360,05",,,Ložisko
"K 25x30x13",,3,"45,5","55,06",,,"Jehlová klec"
"K 25x30x20",,3,"48,2","58,32",,,"Jehlová klec"
"K 25x33x20",,1,"48,5","58,69",,,"Jehlová klec"
"K 28x33x13",,0,"49,6","60,02",,,"Jehlová klec"
"K 30x35x20",,9,"71,1","86,03",,,"Jehlová klec"
"K 35x45x20",,0,"54,2","65,58",,,"Jehlová klec"
"K 35x45x30",,1,"56,6","68,49",,,"Jehlová klec"
"K 40x45x17",,6,50,"60,5",,,"Jehlová klec"
"K 40x45x27             SKF",,0,"210,1","254,22",,,"Jehlová klec"
"K 55x60x17",,0,"39,5","47,8",,,"Jehlová klec"
"K 55x60x30",,5,"75,2","90,99",,,"Jehlová klec"
"K 55x63x20",,0,"189,8","229,66",,,"Jehlová klec"
"K 60x65x20",,0,"84,7","102,49",,,"Jehlová klec"
"K 80x88x30",,0,"75,5","91,36",,,"Jehlová klec"
"K 85x92x20",,2,99,"119,79",,,"Jehlová klec"
"KH 1026 PP",,0,"260,5","315,21",,,"Jehlová klec"
"KM 10",,9,"25,6","30,98",,,Matice
"KM 11",,9,"20,4","24,68",,,Matice
"KM 12",,16,65,"78,65",,,Matice
"KM 13",,4,"50,3","60,86",,,Matice
"KM 14",,5,78,"94,38",,,Matice
"KM 18",,0,"103,7","125,48",,,Matice
"KM 2",,0,"20,87","25,25",,,Matice
"KM 20",,4,229,"277,09",,,Matice
"KM 22",,0,"337,3","408,13",,,Matice
"KM 24",,0,"414,9","502,03",,,Matice
"KM 4",,7,11,"13,31",,,Matice
"KM 5",,14,"11,9","14,4",,,Matice
"KM 6",,20,"12,8","15,49",,,Matice
"KM 7",,20,"17,1","20,69",,,Matice
"KM 8",,30,"16,5","19,97",,,Matice
"KM 9",,29,"19,3","23,35",,,Matice
"KT 10x14x13",,0,"74,9","90,63",,,"KT 10x14x13"
"KU 0605",,9,9,"10,89",,,Pouzdro
"KU 1015",,0,10,"12,1",,,Pouzdro
"KU 1020",,0,11,"13,31",,,Pouzdro
"KU 1215",,0,"9,9","11,98",,,Pouzdro
"KU 1216",,0,"6,9","8,35",,,Pouzdro
"KU 1220",,0,"12,7","15,37",,,Pouzdro
"KU 1520",,0,"13,8","16,7",,,Pouzdro
"KU 1615",,0,"14,1","17,06",,,Pouzdro
"KU 1620",,0,"16,7","20,21",,,Pouzdro
"KU 1625",,0,"11,6","14,04",,,Pouzdro
"KU 1630",,0,0,0,,,Pouzdro
"KU 180180",,0,"509,6","616,62",,,Pouzdro
"KU 1815",,0,"15,7",19,,,Pouzdro
"KU 1820",,0,18,"21,78",,,Pouzdro
"KU 2020",,0,"18,4","22,26",,,Pouzdro
"KU 2025",,0,"20,4","24,68",,,Pouzdro
"KU 2030",,0,21,"25,41",,,Pouzdro
"KU 2225",,0,"24,2","29,28",,,Pouzdro
"KU 2430",,0,"22,31",27,,,Pouzdro
"KU 2515",,0,"14,6","17,67",,,Pouzdro
"KU 2525",,0,"21,7","26,26",,,Pouzdro
"KU 2530",,0,"21,49",26,,,Pouzdro
"KU 3015",,0,"34,6","41,87",,,Pouzdro
"KU 3025",,0,"34,6","41,87",,,Pouzdro
"KU 3030",,0,"34,6","41,87",,,Pouzdro
"KU 3040",,0,30,"36,3",,,Pouzdro
"KU 3050",,0,"41,3","49,97",,,Pouzdro
"KU 3530",,0,"34,6","41,87",,,Pouzdro
"KU 3540",,0,"35,7","43,2",,,Pouzdro
"KU 4030",,8,"35,52","42,98",,,Pouzdro
"KU 6550",,2,"50,6","61,23",,,Pouzdro
"KU 6560",,2,"39,4","47,67",,,Pouzdro
"KU 7050",,0,"96,9","117,25",,,Pouzdro
"KU 7560         PAP",,2,"88,2","106,72",,,Pouzdro
"KU 8060     PAP8060",,2,"177,2","214,41",,,Pouzdro
"KU 8080     PAP8080",,0,"177,2","214,41",,,Pouzdro
"Kulička    15,081",,7,"8,72","10,55",,,"Kulička    18"
"Kulička    17,462",,26,"13,1","15,85",,,"Kulička    18"
"Kulička    18,256",,0,"13,1","15,85",,,"Kulička    18"
"Kulička    1,588",,0,"0,4","0,48",,,"Kulička    18"
"Kulička    20,00",,15,"15,7",19,,,"Kulička    18"
"Kulička    5,556",,71,"3,3","3,99",,,
"Kulička    9,525",,60,"3,3","3,99",,,"Kulička    9,525"
"Kulička  23,019",,0,"19,6","23,72",,,Kulička
"Kulička  6",,0,"3,8","4,6",,,"Kulička  6"
"Kulička 10",,0,"4,9","5,93",,,"Kulička 10"
"Kulička 11,1",,0,"3,9","4,72",,,Kulička
"Kulička 11,906",,94,"2,9","3,51",,,Kulička
"Kulička 19,05",,25,"13,9","16,82",,,Kulička
"Kulička 19,844",,14,"16,4","19,84",,,Kulička
"Kulička 2",,0,"0,8","0,97",,,Kulička
"Kulička 2,5",,0,"1,6","1,94",,,Kulička
"Kulička 3",,58,"1,8","2,18",,,Kulička
"Kulička 3,5",,0,"1,8","2,18",,,Kulička
"Kulička 4",,0,"1,7","2,06",,,Kulička
"Kulička 4,762",,30,"2,2","2,66",,,Kulička
"Kulička 5",,100,"2,2","2,66",,,"Kulička 5"
"Kulička 6,350",,89,"2,8","3,39",,,"Kulička 6,350"
"Kulička 7,144",,96,"2,5","3,03",,,"Kulička 7,144"
"Kulička 8",,67,4,"4,84",,,Kulička
"Kulička 8,5",,0,"4,5","5,45",,,Kulička
"KX 1420/22",,2,"10,2","12,34",,,Pouzdro
"KX 2025",,0,"10,2","12,34",,,Pouzdro
"KX 2025/22",,0,8,"9,68",,,Pouzdro
"KX 2030",,0,"10,2","12,34",,,Pouzdro
"KX 2525",,0,"31,9","38,6",,,Pouzdro
"KX 2530",,1,"31,9","38,6",,,Pouzdro
"KX 4040",,0,"26,5","32,07",,,Pouzdro
"KX 4050",,0,"59,2","71,63",,,Pouzdro
"KX 5040",,8,"59,2","71,63",,,Pouzdro
"MB 10",,12,"5,3","6,41",,,Podložka
"MB 11",,25,"6,6","7,99",,,Podložka
"MB 12",,15,"7,9","9,56",,,Podložka
"MB 13",,4,8,"9,68",,,Podložka
"MB 14",,15,"31,5","38,12",,,Podložka
"MB 15",,5,"13,6","16,46",,,Podložka
"MB 16",,0,"23,4","28,31",,,Podložka
"MB 17",,0,15,"18,15",,,Podložka
"MB 18",,0,"21,4","25,89",,,Podložka
"MB 2",,0,"3,9","4,72",,,"Podložka,"
"MB 20",,3,"32,3","39,08",,,Podložka
"MB 22",,0,"36,8","44,53",,,Podložka
"MB 24",,0,"39,4","47,67",,,Podložka
"MB 4",,40,"1,9","2,3",,,Podložka
"MB 5",,24,2,"2,42",,,Podložka
"MB 6",,13,"2,3","2,78",,,Podložka
"MB 7",,13,"2,5","3,03",,,Podložka
"MB 8",,45,"4,1","4,96",,,Podložka
"MB 9",,12,"4,4","5,32",,,Podložka
"MF 95  2Z   IBE",,5,114,"137,94",,,Ložisko
"N 204",,0,114,"137,94",,,Ložisko
"N 215",,0,"332,9","402,81",,,Ložisko
"N 2207",,0,135,"163,35",,,Ložisko
"N 305",,0,135,"163,35",,,Ložisko
"N 307",,2,214,"258,94",,,Ložisko
"N 311",,4,475,"574,75",,,Ložisko
"N 311 NA",,0,475,"574,75",,,Ložisko
"NA 4004 V",,0,252,"304,92",,,Ložisko
"NA 4005 V",,0,"162,1","196,14",,,Ložisko
"NA 4008  V",,2,"306,6","370,99",,,Ložisko
"NA 4901                    DKF",,0,48,"58,08",,,Ložisko
"NA 4902  2RS",,0,"52,6","63,65",,,Ložisko
"NA 4904                    DKF",,11,65,"78,65",,,Ložisko
"NA 4905",,0,"92,5","111,93",,,Ložisko
"NA 4906 V",,0,"244,8","296,21",,,Ložisko
"NA 4907",,2,"114,3","138,3",,,Ložisko
"NA 4909",,6,320,"387,2",,,Ložisko
"NA 4910",,0,"300,2","363,24",,,Ložisko
"NA 4911 V",,0,438,"529,98",,,Ložisko
"NA 4912 V",,0,462,"559,02",,,Ložisko
"NA 4916 ZBTN6APZSX",,0,"763,2","923,47",,,Ložisko
"NA 6903            INA",,1,197,"238,37",,,Ložisko
"NA 6904                       SKF",,3,"223,4","270,31",,,Ložisko
"NA 6905            INA",,2,"708,1","856,8",,,Ložisko
"Nerezová kulička 7,9888",,70,5,"6,05",,,"Kulička 7,144"
"NG 160 NA 80          TATRA 148",,0,"722,7","874,47",,,Ložisko
"NJ 203",,0,"220,5","266,81",,,Ložisko
"NJ 204",,2,"143,1","173,15",,,Ložisko
"NJ 205",,3,"138,7","167,83",,,Ložisko
"NJ 206",,2,"169,9","205,58",,,Ložisko
"NJ 206 NA",,2,"139,8","169,16",,,Ložisko
"NJ 207",,2,186,"225,06",,,Ložisko
"NJ 208",,1,"208,7","252,53",,,Ložisko
"NJ 209 E",,4,"335,8","406,32",,,Ložisko
"NJ 210",,0,"270,1","326,82",,,Ložisko
"NJ 211",,2,"289,7","350,54",,,Ložisko
"NJ 212",,1,"350,4","423,98",,,Ložisko
"NJ 213",,0,"410,3","496,46",,,Ložisko
"NJ 2203  SKF",,5,"281,8","340,98",,,Ložisko
"NJ 2205",,4,"181,2","219,25",,,Ložisko
"NJ 2206",,0,"197,8","239,34",,,Ložisko
"NJ 2206 NA",,0,"197,9","239,46",,,Ložisko
"NJ 2207",,4,"255,5","309,16",,,Ložisko
"NJ 2208",,2,"461,8","558,78",,,Ložisko
"NJ 2209",,2,"328,5","397,49",,,Ložisko
"NJ 221",,0,"1233,7","1492,78",,,Ložisko
"NJ 2210",,2,"365,6","442,38",,,Ložisko
"NJ 2211",,0,"305,1","369,17",,,Ložisko
"NJ 2212 EZS",,7,"218,9","264,87",,,Ložisko
"NJ 2213",,0,"432,2","522,96",,,Ložisko
"NJ 2216",,2,"934,4","1130,62",,,;
"NJ 2307",,0,"496,4","600,64",,,Ložisko
"NJ 2309 E",,3,"395,4","478,43",,,Ložisko
"NJ 2315",,0,"1445,4","1748,93",,,Ložisko
"NJ 304",,3,170,"205,7",,,Ložisko
"NJ 305",,3,"158,6","191,91",,,Ložisko
"NJ 305 C3",,0,"158,6","191,91",,,Ložisko
"NJ 306",,0,"182,5","220,83",,,Ložisko
"NJ 306   C3",,0,"182,5","220,83",,,Ložisko
"NJ 307",,3,"182,5","220,83",,,Ložisko
"NJ 308",,4,"302,2","365,66",,,Ložisko
"NJ 309",,2,"382,5","462,83",,,Ložisko
"NJ 309 C3",,0,"345,7","418,3",,,Ložisko
"NJ 310",,2,"398,7","482,43",,,Ložisko
"NJ 310 C3",,0,360,"435,6",,,Ložisko
"NJ 311",,3,"458,6","554,91",,,Ložisko
"NJ 313",,1,"633,6","766,66",,,Ložisko
"NJ 313 N",,0,"760,6","920,33",,,Ložisko
"NJ 314",,0,"887,6",1074,,,Ložisko
"NJ 315",,1,"887,6",1074,,,Ložisko
"NJ 315 NA",,0,648,"784,08",,,Ložisko
"NJ 316",,0,1022,"1236,62",,,Ložisko
"NJ 406",,0,1022,"1236,62",,,Ložisko
"NK 22/20",,2,"246,1","297,78",,,Ložisko
"NKS 25                      INA",,0,"494,2","597,98",,,Ložisko
"NKS 75   NKIS 65         INA",,1,1462,"1769,02",,,Ložisko
"NN 3011  K P4",,0,3139,"3798,19",,,Ložisko
"NN 3015  K P4",,0,2418,"2925,78",,,Ložisko
"NN 3016 K   P51",,1,"4042,5","4891,43",,,Ložisko
"NN 3021 K P51",,0,2785,"3369,85",,,Ložisko
"NN 3022 K P52",,0,4500,5445,,,Ložisko
"NN 3024 K P51",,0,3400,4114,,,Ložisko
"NU 203 ETN             DKF",,0,52,"62,92",,,Ložisko
"NU 204",,0,"124,5","150,65",,,Ložisko
"NU 205",,1,"140,7","170,25",,,Ložisko
"NU 206 E",,0,"131,3","158,87",,,Ložisko
"NU 206 P6",,0,"131,3","158,87",,,Ložisko
"NU 207",,0,"153,3","185,49",,,Ložisko
"NU 209 E",,0,"265,7","321,5",,,Ložisko
"NU 210",,0,"265,7","321,5",,,Ložisko
"NU 212",,0,181,"219,01",,,Ložisko
"NU 214",,0,"715,4","865,63",,,Ložisko
"NU 216",,0,181,"219,01",,,Ložisko
"NU 2205",,0,181,"219,01",,,Ložisko
"NU 2205                    DKF",,0,181,"219,01",,,Ložisko
"NU 2206",,0,242,"292,82",,,Ložisko
"NU 2208",,2,"304,5","368,45",,,Ložisko
"NU 2209                    ZKL",,0,"326,3","394,82",,,Ložisko
"NU 2210                    ZKL",,0,"326,3","394,82",,,Ložisko
"NU 2211",,0,"326,3","394,82",,,Ložisko
"NU 2212                      ZKL",,1,"310,1","375,22",,,Ložisko
"NU 2213                     ZKL",,0,"489,5","592,3",,,Ložisko
"NU 22/32 EN",,0,"248,2","300,32",,,Ložisko
"NU 2305 E",,0,"230,8","279,27",,,Ložisko
"NU 2306           ZVL",,4,"343,1","415,15",,,"Ložisko,"
"NU 2307 ETNGP       DKF",,1,158,"191,18",,,"Ložisko,"
"NU 304",,1,"213,6","258,46",,,Ložisko
"NU 305",,0,"202,9","245,51",,,Ložisko
"NU 306",,2,"202,9","245,51",,,Ložisko
"NU 307",,1,267,"323,07",,,Ložisko
"NU 308",,2,"202,9","245,51",,,Ložisko
"NU 309",,0,936,"1132,56",,,Ložisko
"NU 310",,0,936,"1132,56",,,Ložisko
"NU 311",,0,936,"1132,56",,,Ložisko
"NU 314",,0,936,"1132,56",,,Ložisko
"NU 315",,1,811,"981,31",,,Ložisko
"NU 316",,0,"1054,1","1275,46",,,Ložisko
"NU 318 NA",,1,188,"227,48",,,Ložisko
"NU 4906                    DKF",,2,"239,4","289,67",,,Ložisko
"NU 4910 V",,1,242,"292,82",,,Ložisko
"NU 4912 V                 DKF",,2,"245,5","297,06",,,Ložisko
"NUP 205                  ZKL",,1,"183,3","221,79",,,Ložisko
"NUP 206                  ZKL",,0,"160,6","194,33",,,Ložisko
"NUP 2205                  ZKL",,0,"202,4","244,9",,,Ložisko
"NUP 2214        ZVL",,0,"671,7","812,76",,,Ložisko
"NUP 2311  M",,0,2044,"2473,24",,,Ložisko
"NUP 306",,0,312,"377,52",,,Ložisko
"NUP 307",,0,"233,6","282,66",,,Ložisko
"NUP 308                   ZKL",,2,"423,4","512,31",,,Ložisko
"NUP 309                   ZKL",,0,"423,4","512,31",,,Ložisko
"PLC  24-2   Spoj.ložisko",,1,"217,4","263,05",,,Ložisko
"PLC 03-19",,0,48,"58,08",,,Ložisko
"PLC 03-29-1",,0,48,"58,08",,,Ložisko
"PLC 03-73",,2,48,"58,08",,,Ložisko
"PLC 04-23",,0,261,"315,81",,,Ložisko
"PLC 04-24",,0,261,"315,81",,,Ložisko
"PLC 06-3",,3,261,"315,81",,,Ložisko
"PLC 07-2  Vodící kladka ještěrka",,0,"502,7","608,27",,,Ložisko
"PLC 15 - 2",,0,"386,9","468,15",,,LOŽISKO
"PLC 15-12          FAV. PŘEDNÍ",,0,380,"459,8",,,LOŽISKO
"PLC 23-4     511 Z 30",,0,"54,7","66,19",,,Ložisko
"PLC 23-5",,0,"54,7","66,19",,,Ložisko
"PLC 23-7",,0,"54,7","66,19",,,Ložisko
"PLC 23-8-1",,0,"54,7","66,19",,,Ložisko
"PLC 44-13",,0,770,"931,7",,,Ložisko
"PLC 63-4",,0,"401,5","485,82",,,Ložisko
"PLC 64 - 7       ZKL",,0,"189,8","229,66",,,Ložisko
"PLC 64 - 8",,0,"189,8","229,66",,,Ložisko
"PLC 64-2",,0,"401,5","485,82",,,Ložisko
"PLC 64-3",,0,344,"416,24",,,Ložisko
"PLC 64-4-2",,0,344,"416,24",,,Ložisko
"PLC 65-3",,0,"700,4","847,48",,,Ložisko
"PLC 65-4",,0,"496,4","600,64",,,Ložisko
"PLC 76-3",,3,344,"416,24",,,Ložisko
"pouzdro 35/39x50",,0,"191,6","231,84",,,Pouzdro
"pouzdro 45/50x40 mm",,0,"192,7","233,17",,,Pouzdro
"R 10 ZZ       (15.8 x 34.9 x 8.7)",,2,"174,2","210,78",,,Ložisko
"R 12  ZZ      (19.05 x 41.2 x 11.1)",,0,"262,8","317,99",,,Ložisko
"R 12  2RS      (19.05 x 41.2 x 11.1)",,0,"249,8","302,26",,,Ložisko
"R 14 2RS    (22.2 x 47.6 x 12.7)",,0,158,"191,18",,,Ložisko
"R 166 2Z            (4,76x9,53x3,17)",,4,"59,2","71,63",,,Ložisko
"R 188 2Z       EZO",,0,"65,7","79,5",,,Ložisko
"R 2-5 2Z     IB E",,0,48,"58,08",,,Ložisko
"R 3  ZZ         (4.762 x 12.7 x 4.978)",,12,"64,8","78,41",,,Ložisko
"R 6 2RS      (9.525 x 22.225 x 7.142)",,2,"115,4","139,63",,,Ložisko
"R 8 2RS        (12.7 x 28.575 x 7.9)",,2,157,"189,97",,,Ložisko
"RNA 4006 V",,0,"213,2","257,97",,,Ložisko
"RNA 4902                    IKO",,0,"213,5","258,34",,,Ložisko
"RNA 4906                    DKF",,5,75,"90,75",,,Ložisko
"RNA 6906                   IKO",,0,"416,2","503,6",,,Ložisko
"RNA 69/28",,0,"459,9","556,48",,,Ložisko
"SIL 8",,0,"64,2","77,68",,,Ložisko
"Tyč D30 H6",,0,897,"1085,37",,,Ložisko
"Val 12-18",,0,"17,5","21,18",,,Ložisko
"Val. 3x8",,0,"6,8","8,23",,,Ložisko
"Val. 4x6",,0,"6,8","8,23",,,Ložisko
"Val. 4x8",,0,"6,9","8,35",,,Ložisko
"Val. 5x 49,8",,0,"6,5","7,87",,,Ložisko
"Val. 5x10",,15,"8,1","9,8",,,Ložisko
"Val. 5x12",,0,"15,9","19,24",,,Ložisko
"Val. 5x29,895",,0,"5,5","6,66",,,Ložisko
"Val. 5x8",,0,"3,5","4,24",,,Ložisko
"Val. 5,5-5,5",,0,"17,5","21,18",,,Ložisko
"Val. 6x10",,0,"4,7","5,69",,,Ložisko
"Val. 6x12",,0,"3,5","4,24",,,Ložisko
"Val. 6x8",,0,"6,9","8,35",,,Ložisko
"Val. 8x14",,13,"7,4","8,95",,,Ložisko
"Val. 9x9",,0,"4,88","5,9",,,Ložisko
"11206 TNG",,0,"839,6","1015,92",,,Ložisko
1200,,4,"87,5","105,88",,,Ložisko
1201,,4,"45,4","54,93",,,Ložisko
1202,,2,"49,6","60,02",,,Ložisko
1203,,2,"81,6","98,74",,,Ložisko
1204,,10,"81,48","98,59",,,Ložisko
"1204  K",,0,"81,48","98,59",,,Ložisko
1205,,5,"69,9","84,58",,,Ložisko
"1205  K",,2,"83,2","100,67",,,Ložisko
1206,,5,"125,3","151,61",,,Ložisko
"1206 K",,19,"133,9","162,02",,,Ložisko
1207,,8,"126,7","153,31",,,Ložisko
"1207 K",,4,159,"192,39",,,Ložisko
1208,,6,"161,3","195,17",,,Ložisko
"1208 K",,4,"169,9","205,58",,,Ložisko
1209,,5,"182,4","220,7",,,Ložisko
"1209 K",,6,"182,3","220,58",,,Ložisko
1210,,6,"175,7","212,6",,,Ložisko
"1210 K",,4,"213,1","257,85",,,Ložisko
1211,,6,"241,8","292,58",,,Ložisko
"1211 K",,9,"252,3","305,28",,,Ložisko
1212,,2,"280,8","339,77",,,Ložisko
"1212 K",,3,"308,3","373,04",,,Ložisko
1213,,6,"361,4","437,29",,,Ložisko
"1213   K",,4,300,363,,,Ložisko
"1213 P6",,1,345,"417,45",,,Ložisko
"1216  K",,0,"424,9","514,13",,,Ložisko
"1218 K        ZKL",,0,"941,6","1139,34",,,Ložisko
"1220  K",,0,"822,7","995,47",,,Ložisko
1303,,0,"94,9","114,83",,,Ložisko
1304,,2,"45,3","54,81",,,Ložisko
"1304                          HUNGARY",,0,"72,5","87,73",,,Ložisko
1305,,6,"126,6","153,19",,,Ložisko
1306,,6,"214,6","259,67",,,Ložisko
1307,,6,"201,4","243,69",,,Ložisko
"1307                          RUS",,0,62,"75,02",,,Ložisko
"1307 K",,9,"154,2","186,58",,,Ložisko
1308,,3,"233,7","282,78",,,Ložisko
"1308 K",,6,"266,4","322,34",,,Ložisko
1309,,6,"288,5","349,09",,,Ložisko
"1309 K",,4,"335,7","406,2",,,Ložisko
1310,,4,"343,1","415,15",,,Ložisko
"1310 K",,2,"367,2","444,31",,,Ložisko
1311,,6,"539,6","652,92",,,Ložisko
"1311 K",,2,"551,9","667,8",,,Ložisko
1312,,4,"460,8","557,57",,,Ložisko
"1313                          FLT",,3,325,"393,25",,,Ložisko
"1313 K                   MLR",,3,274,"331,54",,,Ložisko
"1315 K",,0,678,"820,38",,,Ložisko
15/22/28-3x30,,0,104,"125,84",,,Ložisko
16001,,1,"35,6","43,08",,,Ložisko
16002,,4,"33,6","40,66",,,Ložisko
16002,,1,"35,6","43,08",,,Ložisko
16003,,3,"44,3","53,6",,,Ložisko
16004,,3,"55,5","67,16",,,Ložisko
16005,,3,"72,6","87,85",,,Ložisko
"16005 2Z",,0,"35,4","42,83",,,Ložisko
16006,,7,45,"54,45",,,Ložisko
16007,,5,78,"94,38",,,Ložisko
16008,,3,"88,5","107,09",,,Ložisko
16009,,0,145,"175,45",,,Ložisko
16010,,3,"204,2","247,08",,,Ložisko
16011,,1,"284,7","344,49",,,Ložisko
16012,,2,"137,2","166,01",,,Ložisko
16013,,3,"192,7","233,17",,,Ložisko
"16015  P6",,0,"248,2","300,32",,,Ložisko
16016,,0,"220,6","266,93",,,Ložisko
16022,,2,"602,3","728,78",,,Ložisko
"1726208   2RS1",,0,"99,4","120,27",,,Ložisko
2200,,0,"99,4","120,27",,,Ložisko
"2200 2RS         CX",,0,"99,4","120,27",,,Ložisko
2203,,0,"82,4","99,7",,,Ložisko
2204,,0,48,"58,08",,,Ložisko
"2204  2RS",,0,198,"239,58",,,Ložisko
2205,,6,"129,9","157,18",,,Ložisko
"2205 K",,4,135,"163,35",,,Ložisko
"2205 2RS                      CN",,4,"59,9","72,48",,,"2205 2RS"
2206,,1,"132,9","160,81",,,Ložisko
"2206 K",,0,"132,9","160,81",,,Ložisko
2207,,5,"158,4","191,66",,,Ložisko
"2207 K",,0,"158,4","191,66",,,Ložisko
2208,,4,"204,9","247,93",,,Ložisko
"2208 K",,2,"175,2","211,99",,,Ložisko
"2208 2RS",,0,"204,9","247,93",,,Ložisko
2209,,5,"182,9","221,31",,,Ložisko
"2209 C3",,0,"182,9","221,31",,,Ložisko
"2209 K",,0,"182,9","221,31",,,Ložisko
2210,,3,"233,7","282,78",,,Ložisko
"2210 K          ZKL",,2,"224,3","271,4",,,Ložisko
2211,,4,"309,2","374,13",,,Ložisko
"2211 K          ZKL",,1,"248,4","300,56",,,Ložisko
2212,,2,"284,7","344,49",,,Ložisko
"2212 K",,0,431,"521,51",,,Ložisko
2213,,5,"424,1","513,16",,,Ložisko
"2213 K",,2,"467,2","565,31",,,Ložisko
2214,,2,511,"618,31",,,Ložisko
"2220  K",,0,"1693,6","2049,26",,,Ložisko
"22206 W33",,2,"551,9","667,8",,,
"22207 E W33",,7,"683,3","826,79",,,Ložisko
"22208  K  W33 J",,0,"751,8","909,68",,,Ložisko
"22208 W33",,4,"766,5","927,47",,,Ložisko
"22208 W33 C3",,1,"655,5","793,16",,,Ložisko
"22209 W33",,4,"747,5","904,48",,,Ložisko
"22210  K J W33     CX",,0,"248,4","300,56",,,
"22210 K E W33 J",,1,"668,6","809,01",,,Ložisko
"22210 W33                JAP",,10,"299,3","362,15",,,Ložisko
"22210 W33               NKE",,0,"874,5","1058,15",,,Ložisko
"22210 W33J             ZVL",,10,"610,1","738,22",,,Ložisko
"22211  KW33J",,0,"852,6","1031,65",,,Ložisko
"22211 EJW33",,8,"816,1","987,48",,,Ložisko
"22212 EK W33",,2,"818,9","990,87",,,Ložisko
"22212 EW33",,5,750,"907,5",,,Ložisko
"22212 W33J              JAP",,10,"421,9","510,5",,,Ložisko
"22213 KW33J",,0,"772,3","934,48",,,Ložisko
"22214 E W33 J",,2,"868,7","1051,13",,,Ložisko
"22215  E W33",,7,"1116,1","1350,48",,,Ložisko
"22216  W33 J",,2,"1163,5","1407,84",,,Ložisko
"22216 EK",,0,"1424,2","1723,28",,,Ložisko
"22216 KJ",,1,1200,1452,,,Ložisko
"22217 E W33J",,2,"1019,1","1233,11",,,Ložisko
"22217 EK W33J",,0,"1113,2","1346,97",,,Ložisko
"22218  EJ",,0,"1199,5","1451,4",,,Ložisko
"22218 K KW33J",,0,1562,"1890,02",,,Ložisko
"22218 K UKW33",,0,1562,"1890,02",,,Ložisko
"22218 KW33M",,0,"1426,4","1725,94",,,Ložisko
"22218 W33 JB",,0,"1506,11","1822,5",,,Ložisko
"22219 W33J",,0,"1900,9","2300,09",,,Ložisko
"22220  W33",,2,"1900,9","2300,09",,,Ložisko
"22220  W33/C3",,0,"2411,9","2918,4",,,Ložisko
"22220 EKW33J   ZKL",,0,"2006,6","2427,99",,,Ložisko
"22222 A JB",,0,1820,"2202,2",,,Ložisko
"22222 JB UR",,0,2230,"2698,3",,,Ložisko
"22222 K JB",,3,2172,"2628,12",,,Ložisko
"22222 MB",,0,2418,"2925,78",,,Ložisko
"22228  K M",,0,4398,"5321,58",,,Ložisko
"22308 K JB",,3,325,"393,25",,,Ložisko
"22308 W33               JAP",,13,"286,7","346,91",,,Ložisko
"22308 W33               ZKL",,6,"564,6","683,17",,,Ložisko
22309,,2,"671,6","812,64",,,Ložisko
"22309 JBC3 W33",,0,"722,7","874,47",,,Ložisko
"22310  K W33J",,1,912,"1103,52",,,Ložisko
"22310 W33J",,2,"794,9","961,83",,,Ložisko
"22310 W33J             JAP",,0,"340,1","411,52",,,Ložisko
"22311 EW33J",,4,"843,9","1021,12",,,Ložisko
"22311 W33                JAP",,0,"414,1","501,06",,,Ložisko
"22312  EW33 J",,3,"1187,3","1436,63",,,Ložisko
"22312  KW33 J",,0,"1178,2","1425,62",,,Ložisko
"22313  K W33M   ZKL",,1,1800,2178,,,Ložisko
"22313  KW33 J",,0,"1110,9","1344,19",,,Ložisko
"22313  N M",,0,"1401,6","1695,94",,,Ložisko
"22313  W33 M",,1,"1401,6","1695,94",,,Ložisko
"22313 EW33J     ZKL",,2,"1078,9","1305,47",,,Ložisko
"22314 EW33J",,1,"1596,4","1931,64",,,Ložisko
"22315  J  W33",,0,"1775,4","2148,23",,,Ložisko
"22316 E W33J",,2,"2101,9","2543,3",,,Ložisko
"22316 KW33 J",,2,"2291,9","2773,2",,,Ložisko
"22318 A",,3,"2116,8","2561,33",,,Ložisko
"22318 KW33J",,0,"3029,5","3665,7",,,Ložisko
"22318 W33",,1,"3361,8","4067,78",,,Ložisko
"22320 EK W33J         ZKL",,0,"3658,14","4426,35",,,Ložisko
"22320 EW33J           ZKL",,0,"3551,76","4297,63",,,Ložisko
"22322 AK",,0,"3885,8","4701,82",,,Ložisko
"23024 BKM",,0,"3338,9","4040,07",,,Ložisko
2304,,1,"77,9","94,26",,,Ložisko
2305,,3,"226,3","273,82",,,Ložisko
"2305                           HUN",,0,185,"223,85",,,Ložisko
"2305 TNGN",,0,"223,2","270,07",,,Ložisko
"2305 2RS",,0,210,"254,1",,,Ložisko
2306,,6,"258,3","312,54",,,Ložisko
"2306 K",,0,"258,3","312,54",,,Ložisko
2307,,3,"277,4","335,65",,,Ložisko
2308,,3,386,"467,06",,,Ložisko
"2308  K",,0,"261,3","316,17",,,Ložisko
2309,,4,"397,4","480,85",,,Ložisko
"2309 K",,2,"378,1","457,5",,,Ložisko
"2311 K",,0,"1781,2","2155,25",,,Ložisko
"2311 ZKL",,0,"686,8","831,03",,,Ložisko
"2312 C3",,0,"861,4","1042,29",,,Ložisko
"23120  W33J C3 NACHI",,0,4380,"5299,8",,,Ložisko
"23120 K W33J",,0,"2330,2","2819,54",,,Ložisko
"23124 K W33J",,0,4453,"5388,13",,,Ložisko
"2313  K",,0,"1161,4","1405,29",,,Ložisko
"2315  K",,0,1825,"2208,25",,,Ložisko
29320,,0,"4131,8","4999,48",,,Ložisko
"29320   M",,0,"2776,9","3360,05",,,Ložisko
29322,,0,"5419,3","6557,35",,,Ložisko
"29412  M                     ZKL",,0,"3400,8","4114,97",,,Ložisko
"29415  M                     ZKL",,0,"5044,3","6103,6",,,Ložisko
"29420 EJ",,0,"7273,7","8801,18",,,Ložisko
"30203 A",,7,"67,8","82,04",,,Ložisko
"30204 A",,5,"55,6","67,28",,,Ložisko
"30205 A",,5,"66,3","80,22",,,Ložisko
"30206 A",,6,"71,5","86,52",,,Ložisko
"30207 A",,7,"98,6","119,31",,,Ložisko
"30208 A",,1,"119,3","144,35",,,Ložisko
"30209 A",,4,"141,1","170,73",,,Ložisko
"30210 A",,3,"151,8","183,68",,,Ložisko
"30211 A",,2,"167,2","202,31",,,Ložisko
"30212 A",,5,"183,6","222,16",,,Ložisko
"30213 A",,3,274,"331,54",,,Ložisko
"30214 A",,2,"274,5","332,15",,,Ložisko
"30215 A",,2,"294,8","356,71",,,Ložisko
"30216 A",,3,"406,6","491,99",,,Ložisko
"30217 A",,3,"537,3","650,13",,,Ložisko
"30218 A",,3,"523,2","633,07",,,Ložisko
"30219 E",,2,"678,9","821,47",,,Ložisko
"30220 A",,1,"755,8","914,52",,,Ložisko
"30221 A",,2,"824,9","998,13",,,Ložisko
"30222 E",,1,"1181,1","1429,13",,,Ložisko
"30224 A",,1,"1861,5","2252,42",,,Ložisko
"30226  A",,0,"1839,6","2225,92",,,Ložisko
"30230 A",,0,"1737,4","2102,25",,,Ložisko
"30302 A",,1,"66,2","80,1",,,Ložisko
"30303 A",,8,"66,5","80,47",,,Ložisko
"30304  A",,4,"71,5","86,52",,,Ložisko
"30305 A",,8,"113,9","137,82",,,Ložisko
"30306 A",,5,"119,6","144,72",,,Ložisko
"30306 TPS",,0,"102,9","124,51",,,Ložisko
"30307  A",,8,"116,9","141,45",,,Ložisko
"30308 A",,7,"195,6","236,68",,,Ložisko
"30309 A",,4,"161,7","195,66",,,Ložisko
"30310 A",,4,"252,6","305,65",,,Ložisko
"30311 A",,0,268,"324,28",,,Ložisko
"30312 A",,6,"381,8","461,98",,,Ložisko
"30313 A",,2,"532,8","644,69",,,Ložisko
"30314  MGM",,0,"514,7","622,79",,,Ložisko
"30314 A",,2,"514,7","622,79",,,Ložisko
"30315 A",,2,"694,1","839,86",,,Ložisko
"30/38/46x30/4 SB  B70",,0,"132,3","160,08",,,Pouzdro
"31305 A",,0,"134,6","162,87",,,Ložisko
"31306 A",,4,"182,55","220,9",,,Ložisko
31307,,0,"186,77",226,,,Ložisko
"31308 A",,4,"212,47","257,1",,,Ložisko
"31309 A",,1,"251,1","303,83",,,Ložisko
"31310 A",,6,"309,1","374,01",,,Ložisko
"31311  A",,0,"386,9","468,15",,,Ložisko
"31312 A",,2,"386,9","468,15",,,Ložisko
"31313 A",,1,565,"683,65",,,Ložisko
"31314 A",,0,"626,3","757,82",,,Ložisko
3200,,0,"71,6","86,64",,,Ložisko
"3200  2RS",,2,"71,6","86,64",,,Ložisko
"32004 AX",,9,"79,2","95,83",,,Ložisko
"32005 AX",,7,"78,26","94,7",,,Ložisko
"32006 AX",,3,"95,1","115,07",,,Ložisko
"32007 AX",,9,"115,1","139,27",,,Ložisko
"32008 AX",,7,"120,6","145,93",,,Ložisko
"32009 AX",,7,"141,4","171,09",,,Ložisko
3201,,6,"122,6","148,35",,,Ložisko
"3201 2RS",,16,124,"150,04",,,Ložisko
"3201 2Z",,0,56,"67,76",,,Ložisko
"32010 AX",,5,"189,6","229,42",,,Ložisko
"32011 AX",,3,"204,6","247,57",,,Ložisko
"32012 AX",,1,"230,4","278,78",,,Ložisko
"32013 AX",,0,254,"307,34",,,Ložisko
"32014 AX",,2,"310,6","375,83",,,Ložisko
"32015 AX",,2,279,"337,59",,,Ložisko
"32016 AX",,2,"367,4","444,55",,,Ložisko
"32017 AX",,3,"378,3","457,74",,,Ložisko
"32018 AX",,3,"470,4","569,18",,,Ložisko
"32019 AX",,2,"771,1","933,03",,,Ložisko
3202,,7,80,"96,8",,,Ložisko
"3202 2RS",,4,"94,2","113,98",,,Ložisko
"32020 AX",,4,"520,4","629,68",,,Ložisko
"32022 AX",,2,"768,1","929,4",,,Ložisko
"32024 AX",,4,"1036,8","1254,53",,,Ložisko
3203,,4,"128,5","155,49",,,Ložisko
"3203 2RS",,3,144,"174,24",,,Ložisko
3204,,5,148,"179,08",,,Ložisko
"3204 2RS",,4,148,"179,08",,,Ložisko
3205,,0,153,"185,13",,,Ložisko
"3205   N",,0,"183,8","222,4",,,Ložisko
"3205  2 RS",,5,"89,1","107,81",,,Ložisko
3206,,4,"205,9","249,14",,,Ložisko
"3206 2RS",,0,"78,8","95,35",,,Ložisko
3207,,5,"208,5","252,29",,,Ložisko
"3207 2RS",,5,210,"254,1",,,Ložisko
3208,,4,"246,3","298,02",,,Ložisko
"3208  2RS",,4,"289,6","350,42",,,Ložisko
"3208 C3",,0,"266,8","322,83",,,Ložisko
3209,,6,332,"401,72",,,Ložisko
3210,,2,"329,3","398,45",,,Ložisko
3211,,3,"446,1","539,78",,,Ložisko
3212,,17,570,"689,7",,,Ložisko
"3212 N",,2,595,"719,95",,,Ložisko
3213,,4,590,"713,9",,,Ložisko
3214,,0,807,"976,47",,,Ložisko
"32205 A",,4,"75,8","91,72",,,Ložisko
"32206 A",,6,"105,2","127,29",,,Ložisko
"32207  TPS",,0,"117,5","142,18",,,Ložisko
"32207 A",,7,"117,5","142,18",,,Ložisko
"32208 A",,4,"115,7",140,,,Ložisko
"32209 A",,7,156,"188,76",,,Ložisko
"32210 A",,4,"190,2","230,14",,,Ložisko
"32211 A",,2,"251,7","304,56",,,Ložisko
"32212 A",,2,"238,5","288,59",,,Ložisko
"32213 A",,4,"301,4","364,69",,,Ložisko
"32214 A",,3,"416,2","503,6",,,Ložisko
"32215 A",,2,"390,7","472,75",,,Ložisko
"32216 A",,6,489,"591,69",,,Ložisko
"32217 A",,1,"378,1","457,5",,,Ložisko
"32218 A",,2,"597,9","723,46",,,Ložisko
"32219 A",,0,"835,2","1010,59",,,Ložisko
"32220 A",,2,"1020,6","1234,93",,,Ložisko
"32221 A",,1,"1350,5","1634,11",,,Ložisko
"32222 A",,1,"1248,3","1510,44",,,Ložisko
"32304   TPS",,0,"125,3","151,61",,,Ložisko
"32304 A",,6,"125,3","151,61",,,Ložisko
"32305 A",,5,"111,6","135,04",,,Ložisko
"32306 A",,1,"170,2","205,94",,,Ložisko
"32307 A",,4,"205,6","248,78",,,Ložisko
"32308 A",,5,"233,4","282,41",,,Ložisko
"32309 E        ZKL",,4,"375,5","454,36",,,Ložisko
"32309 E CX",,1,"286,5","346,67",,,Ložisko
"32310 A",,0,248,"300,08",,,Ložisko
"32310 BA C6",,0,"550,1","665,62",,,Ložisko
"32311 A",,6,446,"539,66",,,Ložisko
"32312 A",,4,"436,5","528,17",,,Ložisko
"32313 E",,2,659,"797,39",,,Ložisko
32314,,0,747,"903,87",,,Ložisko
32315,,0,747,"903,87",,,Ložisko
3302,,2,"157,7","190,82",,,Ložisko
"3302   2RS",,0,162,"196,02",,,Ložisko
3303,,4,"168,6","204,01",,,Ložisko
"3303  2 RS",,4,172,"208,12",,,Ložisko
3304,,3,"192,5","232,93",,,Ložisko
"3304 2RS",,0,"193,9","234,62",,,Ložisko
3305,,3,237,"286,77",,,Ložisko
"3305 2RS",,6,246,"297,66",,,Ložisko
3306,,3,"261,9","316,9",,,Ložisko
"3306 2RS",,1,276,"333,96",,,Ložisko
3307,,4,"312,4",378,,,Ložisko
"3307 2RS      JAP",,4,328,"396,88",,,Ložisko
3308,,6,402,"486,42",,,Ložisko
3309,,1,"604,8","731,81",,,Ložisko
"33111 A",,1,"195,2","236,19",,,Ložisko
"33205 A",,0,215,"260,15",,,Ložisko
"33207  A                      JAP",,4,"164,6","199,17",,,Ložisko
"33208 A",,0,"185,6","224,58",,,Ložisko
"4204 BTNG                  NSK",,0,"518,4","627,26",,,Ložisko
"50/60/60 A SB  B70",,0,"645,3","780,81",,,Pouzdro
"511 Z  30",,1,"170,8","206,67",,,Ložisko
"511 Z  35  (PLC 24-2)",,2,"170,8","206,67",,,Ložisko
"51100 A",,5,"57,9","70,06",,,Ložisko
"51101 A",,2,"61,2","74,05",,,Ložisko
51102,,4,"64,5","78,05",,,Ložisko
51103,,1,"66,4","80,34",,,Ložisko
51104,,4,68,"82,28",,,Ložisko
51105,,5,"70,6","85,43",,,Ložisko
51106,,4,"76,1","92,08",,,Ložisko
51107,,4,"84,5","102,25",,,Ložisko
51108,,6,"94,6","114,47",,,Ložisko
"51108   CX (COD)",,20,"37,3","45,13",,,Ložisko
51109,,5,"106,3","128,62",,,Ložisko
51110,,6,"113,4","137,21",,,Ložisko
51111A,,3,"135,5","163,96",,,Ložisko
51112,,3,"149,3","180,65",,,Ložisko
51113,,2,"162,7","196,87",,,Ložisko
"51114 A",,1,"174,9","211,63",,,Ložisko
51115,,1,"195,6","236,68",,,Ložisko
"51117 A",,2,"277,4","335,65",,,Ložisko
"51118 A",,0,"211,7","256,16",,,Ložisko
51120,,1,"434,5","525,75",,,Ložisko
51124,,0,"700,8","847,97",,,Ložisko
51126,,0,648,"784,08",,,Ložisko
"51160  M            FLT",,0,"62,6","75,75",,,Ložisko
51201,,0,"62,6","75,75",,,Ložisko
51202,,3,"62,6","75,75",,,Ložisko
51204,,4,"76,2","92,2",,,Ložisko
51205,,7,84,"101,64",,,Ložisko
51206,,1,95,"114,95",,,Ložisko
51207,,5,76,"91,96",,,Ložisko
51208,,4,132,"159,72",,,Ložisko
"51209  A",,7,"144,3","174,6",,,Ložisko
51210,,4,"168,2","203,52",,,Ložisko
51211,,1,"266,4","322,34",,,Ložisko
51212,,2,"266,4","322,34",,,Ložisko
51213,,0,"266,4","322,34",,,Ložisko
51216,,0,"423,4","512,31",,,Ložisko
51224,,0,"2874,5","3478,15",,,Ložisko
51305,,2,"114,5","138,55",,,Ložisko
51306,,3,"130,2","157,54",,,Ložisko
51307,,0,179,"216,59",,,Ložisko
51309,,0,"225,1","272,37",,,Ložisko
51315,,0,803,"971,63",,,Ložisko
51406,,0,"298,9","361,67",,,Ložisko
"51409        ZKL",,0,"496,4","600,64",,,Ložisko
52202,,4,"135,2","163,59",,,Ložisko
"52207    S 214",,2,176,"212,96",,,Ložisko
"52216                        ZKL",,0,"1044,2","1263,48",,,Ložisko
"6000 A",,13,"26,2","31,7",,,Ložisko
"6000 2RS",,19,"29,5","35,7",,,Ložisko
"6000 2Z",,9,27,"32,67",,,Ložisko
"6001                          KOYO",,1,"43,2","52,27",,,Ložisko
"6001 A",,11,"24,82","30,03",,,Ložisko
"6001 2RS",,24,"28,5","34,49",,,Ložisko
"6001 2Z",,11,27,"32,67",,,Ložisko
"6002 A",,29,"33,2","40,17",,,Ložisko
"6002 2RS",,18,"31,1","37,63",,,Ložisko
"6002 2RS  SS nerez",,0,"68,1","82,4",,,Ložisko
"6002 2Z",,16,"33,8","40,9",,,Ložisko
"6002 2Z C3",,0,"33,1","40,05",,,Ložisko
"6003 A",,11,"22,1","26,74",,,Ložisko
"6003 2RS",,11,"30,1","36,42",,,Ložisko
"6003 2Z",,15,"29,6","35,82",,,Ložisko
"6004 A",,8,"25,1","30,37",,,Ložisko
"6004 C3",,7,"27,2","32,91",,,Ložisko
"6004 2RS",,13,"31,9","38,6",,,Ložisko
"6004 2RS     SS Japan",,0,"383,3","463,79",,,"6004 2RS     SS Japa"
"6004 2Z",,15,"33,2","40,17",,,Ložisko
"6005 A",,9,"27,4","33,15",,,Ložisko
"6005 2RS",,20,"40,2","48,64",,,Ložisko
"6005 2RS C3",,5,"40,2","48,64",,,Ložisko
"6005 2Z",,20,"35,6","43,08",,,Ložisko
"6005 2Z C3",,0,"41,2","49,85",,,Ložisko
"6006 A",,16,"35,8","43,32",,,Ložisko
"6006 C3",,2,46,"55,66",,,Ložisko
"6006 2RS",,16,"50,2","60,74",,,Ložisko
"6006 2RS/C3",,0,58,"70,18",,,Ložisko
"6006 2Z",,16,"35,1","42,47",,,Ložisko
"6007 A",,9,"45,2","54,69",,,Ložisko
"6007 N",,1,"45,2","54,69",,,Ložisko
"6007 2RS",,9,"57,2","69,21",,,Ložisko
"6007 2Z",,10,"54,4","65,82",,,Ložisko
"6008 A",,12,"66,7","80,71",,,Ložisko
"6008 2RS",,18,"60,7","73,45",,,Ložisko
"6008 2Z",,6,"71,8","86,88",,,Ložisko
"6008 2Z C3",,2,"78,8","95,35",,,Ložisko
"6009 A",,9,"74,9","90,63",,,Ložisko
"6009 A   C2",,0,"56,9","68,85",,,Ložisko
"6009 A C5",,0,"96,36","116,6",,,Ložisko
"6009 N",,0,"73,4","88,81",,,Ložisko
"6009 2RS",,10,"69,4","83,97",,,Ložisko
"6009 2Z",,6,"100,7","121,85",,,Ložisko
"6009 2Z C3",,0,"105,5","127,66",,,Ložisko
"6010 A",,10,"92,5","111,93",,,Ložisko
"6010 N",,2,"101,3","122,57",,,Ložisko
"6010 1Z",,5,"98,2","118,82",,,Ložisko
"6010 2RS",,14,85,"102,85",,,Ložisko
"6010 2RS C3",,3,"138,7","167,83",,,Ložisko
"6010 2Z",,33,"93,4","113,01",,,Ložisko
"6011 A",,7,"116,4","140,84",,,Ložisko
"6011 A TB P5",,0,"280,8","339,77",,,Ložisko
"6011 2RS",,10,"129,4","156,57",,,Ložisko
"6011 2RS  C3",,0,"129,4","156,57",,,Ložisko
"6011 2Z",,4,"106,6","128,99",,,Ložisko
"6012 A",,5,"126,7","153,31",,,Ložisko
"6012 2RS",,8,"142,7","172,67",,,Ložisko
"6012 2Z",,2,"124,4","150,52",,,Ložisko
6013,,4,"158,2","191,42",,,Ložisko
"6013 A 2Z",,0,"158,2","191,42",,,Ložisko
"6013 2RS",,12,"199,8","241,76",,,Ložisko
"6014 A",,5,202,"244,42",,,Ložisko
"6014 AC3",,0,202,"244,42",,,Ložisko
"6014 AN",,0,215,"260,15",,,Ložisko
"6014 AP6",,0,202,"244,42",,,Ložisko
"6014 2RS",,4,"221,9","268,5",,,Ložisko
"6014 2Z",,1,"205,2","248,29",,,Ložisko
"6015                          ROM",,3,168,"203,28",,,Ložisko
"6015 A",,3,"194,4","235,22",,,Ložisko
"6015 2RS",,2,"310,2","375,34",,,Ložisko
"6015 2Z",,0,"308,1","372,8",,,Ložisko
"6016 A",,4,"224,4","271,52",,,Ložisko
"6016 2RS",,1,"343,4","415,51",,,Ložisko
"6016 2Z",,4,"260,1","314,72",,,Ložisko
"6017 A",,2,"275,9","333,84",,,Ložisko
"6017 2RS",,2,"401,6","485,94",,,Ložisko
"6017 2Z",,2,"375,6","454,48",,,Ložisko
"6018 A",,2,504,"609,84",,,Ložisko
"6018 2Z",,4,"513,5","621,34",,,Ložisko
"6019 A",,4,"485,3","587,21",,,Ložisko
"6020 A",,2,565,"683,65",,,Ložisko
"6020 2Z",,0,"582,3","704,58",,,Ložisko
"6021 A",,3,"525,6","635,98",,,Ložisko
6022,,2,"582,3","704,58",,,Ložisko
6024,,1,765,"925,65",,,Ložisko
"6024 2RS",,0,"1191,1","1441,23",,,Ložisko
"6024 2Z",,0,780,"943,8",,,Ložisko
"6026 A",,0,"868,2","1050,52",,,Ložisko
"6026 2 Z",,0,949,"1148,29",,,Ložisko
"606  2 Z   CX",,2,"18,3","22,14",,,Ložisko
"606  2Z",,0,"33,3","40,29",,,Ložisko
607,,12,"24,4","29,52",,,Ložisko
"607 C3",,0,"27,4","33,15",,,Ložisko
"607 2RS",,7,"28,2","34,12",,,Ložisko
"607 2Z",,18,"27,6","33,4",,,Ložisko
608,,12,"21,6","26,14",,,Ložisko
"608 2RS",,14,"32,3","39,08",,,Ložisko
"608 2RS  SS nerez",,0,"27,5","33,28",,,Ložisko
"608 2Z",,10,29,"35,09",,,Ložisko
"609 A",,11,"26,3","31,82",,,Ložisko
"609 2RS",,11,"32,2","38,96",,,Ložisko
"609 2Z",,11,33,"39,93",,,Ložisko
"61800 2RS     (6800 2RS)",,22,"36,3","43,92",,,Ložisko
"61801 2RS     (6801 2RS)",,6,"36,3","43,92",,,Ložisko
"61802  2RS  (6802 2RS)",,11,"42,6","51,55",,,Ložisko
"61802 2Z      (6802 2Z)",,1,"40,9","49,49",,,Ložisko
"61803 2RS    (6803 2 RS)",,6,"42,2","51,06",,,Ložisko
"61804 2RS      (6805 2RS)",,2,"43,3","52,39",,,Ložisko
"61805 2RS      (6805 2RS)",,4,"44,2","53,48",,,Ložisko
"61806 2RS    (6806 2RS) ELG",,6,"59,6","72,12",,,Ložisko
"61807 2RS     (68072RS)",,0,"48,3","58,44",,,Ložisko
"61808 2RS   (6808 2RS)",,2,"52,3","63,28",,,Ložisko
"61810 2RS Y ELGES",,0,"846,7","1024,51",,,Ložisko
"61811 2RS1",,0,"52,3","63,28",,,Ložisko
"61844 M                    ZKL",,0,"7263,5","8788,84",,,Ložisko
"618/8                         EUR",,0,"39,4","47,67",,,Ložisko
"61900 2RS         (6900 2RS)",,16,"23,1","27,95",,,Ložisko
"61900 2Z         (6900 2Z)",,0,"35,1","42,47",,,Ložisko
"61901 2RS         (6901 2RS)",,4,"36,4","44,04",,,Ložisko
"61902 2RS        (6902 2Z)",,11,"37,8","45,74",,,Ložisko
"61902 2RS        (6902 2Z)      WD",,6,"94,8","114,71",,,Ložisko
"61902 2Z        (6902 2Z)",,0,"37,8","45,74",,,Ložisko
"61903 2RS         (6903 2RS)",,14,"39,6","47,92",,,Ložisko
"61904 2RS        (6904 2RS)",,0,"42,5","51,43",,,Ložisko
"61905 2RS          (6905 2RS)",,8,"46,4","56,14",,,Ložisko
"61906 2RS      (6906 2RS)",,6,"54,9","66,43",,,Ložisko
"61907 2RS       (6907 2RS)",,1,"56,9","68,85",,,Ložisko
"61907 2Z       (6907 2Z)",,2,"52,3","63,28",,,Ložisko
"61908 2Z       (6908 2Z)",,6,"63,4","76,71",,,Ložisko
"61910 2RS       (6910 2RS)",,0,"112,1","135,64",,,Ložisko
"619/4 2RS",,0,25,"30,25",,,Ložisko
"6200 A",,20,"24,8","30,01",,,Ložisko
"6200 2RS",,15,"27,5","33,28",,,Ložisko
"6200 2Z",,21,"27,5","33,28",,,Ložisko
"6200 2Z C3",,0,"25,5","30,86",,,Ložisko
"6201 A",,16,"23,3","28,19",,,Ložisko
"6201 2RS",,23,"28,4","34,36",,,Ložisko
"6201 2RS C3",,0,"23,2","28,07",,,"6201 2RS C3"
"6201 2Z",,22,"27,5","33,28",,,Ložisko
"6202 A",,11,"26,7","32,31",,,Ložisko
"6202 A   C3",,6,"28,6","34,61",,,Ložisko
"6202 2RS",,20,"30,1","36,42",,,Ložisko
"6202 2RS C3",,0,"32,1","38,84",,,Ložisko
"6202 2Z",,11,"25,1","30,37",,,Ložisko
"6202-16 2RS",,10,"50,5","61,11",,,Ložisko
"6202-5/8"" 2rs",,0,"28,5","34,49",,,Ložisko
"6203  LLU/5K",,0,"162,5","196,63",,,Ložisko
"6203 A",,14,29,"35,09",,,Ložisko
"6203 A   C3",,11,35,"42,35",,,Ložisko
"6203 N",,5,"43,8",53,,,Ložisko
"6203 2RS",,15,"33,8","40,9",,,Ložisko
"6203 2RS/C3",,8,"33,8","40,9",,,Ložisko
"6203 2Z",,12,"30,5","36,91",,,Ložisko
"6203 - 16 2RS",,3,"54,8","66,31",,,Ložisko
"6204 A",,9,"31,6","38,24",,,Ložisko
"6204 N",,2,"45,3","54,81",,,Ložisko
"6204 2RS",,20,"31,5","38,12",,,Ložisko
"6204 2Z",,13,40,"48,4",,,Ložisko
6205,,11,"33,9","41,02",,,Ložisko
"6205 C3",,8,"47,8","57,84",,,Ložisko
"6205 N",,4,"38,1","46,1",,,Ložisko
"6205 2RS",,11,"41,6","50,34",,,Ložisko
"6205 2RS  CN",,0,"23,3","28,19",,,Ložisko
"6205 2RS C3",,10,"47,8","57,84",,,Ložisko
"6205 2RS-1 palec",,1,65,"78,65",,,Ložisko
"6205 2Z",,25,"38,8","46,95",,,Ložisko
"6206 A",,12,"41,9","50,7",,,Ložisko
"6206 C2",,0,"74,5","90,15",,,Ložisko
"6206 C3",,0,"42,6","51,55",,,Ložisko
"6206 K",,0,"90,8","109,87",,,Ložisko
"6206 N",,2,52,"62,92",,,Ložisko
"6206 2RS",,2,"53,6","64,86",,,Ložisko
"6206 2RS C3",,18,"81,1","98,13",,,Ložisko
"6206 2Z",,7,48,"58,08",,,Ložisko
"6206 2Z P6",,0,"74,9","90,63",,,Ložisko
"6207 A",,10,"61,9","74,9",,,Ložisko
"6207 C3",,2,"89,1","107,81",,,Ložisko
"6207 N",,2,"65,3","79,01",,,Ložisko
"6207 ZNR",,0,"75,9","91,84",,,Ložisko
"6207 2RS",,20,"63,4","76,71",,,Ložisko
"6207 2Z",,11,"75,8","91,72",,,Ložisko
"6207 2Z/C3",,2,"84,3",102,,,Ložisko
"6208 A",,31,"65,6","79,38",,,Ložisko
"6208 K 2RS",,0,"172,8","209,09",,,Ložisko
"6208 N",,4,76,"91,96",,,Ložisko
"6208 2RS",,18,"83,7","101,28",,,Ložisko
"6208 2RS C3",,6,"71,4","86,39",,,Ložisko
"6208 2Z",,17,72,"87,12",,,Ložisko
"6209 A",,7,82,"99,22",,,Ložisko
"6209 AN",,0,"109,6","132,62",,,Ložisko
"6209 C3",,0,"119,7","144,84",,,Ložisko
"6209 K2RS",,2,"195,5","236,56",,,Ložisko
"6209 TB P6",,1,153,"185,13",,,Ložisko
"6209 2RS",,6,"91,8","111,08",,,Ložisko
"6209 2Z",,5,"116,4","140,84",,,Ložisko
"6210 A",,8,88,"106,48",,,Ložisko
"6210 N",,7,87,"105,27",,,Ložisko
"6210 2RS",,13,"104,4","126,32",,,Ložisko
"6210 2Z",,3,"100,7","121,85",,,Ložisko
"6211 A",,9,"143,7","173,88",,,Ložisko
"6211 N",,6,"147,5","178,48",,,Ložisko
"6211 P6",,0,"158,4","191,66",,,Ložisko
"6211 2RS",,3,"204,2","247,08",,,Ložisko
"6211 2ZR",,3,"179,9","217,68",,,Ložisko
"6212 A",,9,"165,2","199,89",,,Ložisko
"6212 K",,0,206,"249,26",,,Ložisko
"6212 N",,0,"137,2","166,01",,,Ložisko
"6212 2RS",,7,"255,2","308,79",,,Ložisko
"6212 2Z",,2,"219,2","265,23",,,Ložisko
"6213 A",,6,"175,5","212,36",,,Ložisko
"6213 A 2RS",,0,"175,5","212,36",,,Ložisko
"6213 AZ",,0,"137,8","166,74",,,Ložisko
"6213 K",,1,"318,3","385,14",,,Ložisko
"6213 N",,1,"268,2","324,52",,,Ložisko
"6213 TB P6",,1,842,"1018,82",,,Ložisko
"6213 2Z",,3,"285,8","345,82",,,Ložisko
"6214  A",,2,"299,3","362,15",,,Ložisko
"6215 A",,5,"232,7","281,57",,,Ložisko
"6215 2Z",,0,"211,7","256,16",,,Ložisko
"6216 A",,2,"305,7","369,9",,,Ložisko
"6216 2RS",,2,463,"560,23",,,Ložisko
"6216 2Z",,6,"387,1","468,39",,,Ložisko
"6217 A",,2,436,"527,56",,,Ložisko
"6218 A",,3,"561,6","679,54",,,Ložisko
"6218 C3",,0,"532,8","644,69",,,Ložisko
6219,,1,841,"1017,61",,,Ložisko
"6219 C3",,1,627,"758,67",,,Ložisko
"6220 A",,1,"993,6","1202,26",,,Ložisko
62201,,0,"58,1","70,3",,,Ložisko
"62201  2 RS",,0,"54,2","65,58",,,Ložiska
"62202   2RS",,0,"57,5","69,58",,,Ložisko
"62205 2RS",,1,"99,3","120,15",,,Ložisko
"6221  P6",,0,1350,"1633,5",,,Ložisko
"6224 C3",,0,1385,"1675,85",,,Ložisko
"6226  A",,0,1658,"2006,18",,,Ložisko
"623  2Z",,5,"30,1","36,42",,,Ložisko
"62303  2RS",,0,"128,8","155,85",,,Ložisko
"624 2RS",,0,"31,1","37,63",,,Ložisko
"624 2Z",,12,"29,2","35,33",,,Ložisko
625,,0,"35,9","43,44",,,Ložisko
"625 2Z",,17,"35,9","43,44",,,Ložisko
"626 A",,13,"25,9","31,34",,,Ložisko
"626 ZZ SS rozšířený vnitrní kroužek",,0,"29,67","35,9",,,Ložisko
"626 2RS",,12,"32,3","39,08",,,Ložisko
"626 2Z",,14,"29,7","35,94",,,Ložisko
"626 2Z SS nerez",,0,"15,5","18,76",,,Ložisko
"627 A",,0,"20,2","24,44",,,Ložisko
"627 2RS",,0,"31,2","37,75",,,Ložisko
"627 2Z",,10,"29,1","35,21",,,Ložisko
"628 2Z",,6,"32,9","39,81",,,Ložisko
"629 A",,6,"25,9","31,34",,,Ložisko
"629 2RS",,11,"28,1",34,,,Ložisko
"629 2Z",,14,"24,8","30,01",,,Ložisko
"6300 A",,6,"34,6","41,87",,,Ložisko
"6300 2RS",,13,"41,2","49,85",,,Ložisko
"6300 2Z",,12,"36,6","44,29",,,Ložisko
"6301 A",,18,"31,7","38,36",,,Ložisko
"6301 2RS",,18,"39,2","47,43",,,Ložisko
"6301 2RS C3",,2,"27,9","33,76",,,
"6301 2Z",,13,"39,1","47,31",,,Ložisko
"6302 A",,16,34,"41,14",,,Ložisko
"6302 C3",,9,34,"41,14",,,Ložisko
"6302 2RS",,14,"41,2","49,85",,,Ložisko
"6302 2Z",,16,"38,8","46,95",,,Ložisko
"6303 A",,14,"38,6","46,71",,,Ložisko
"6303 C3",,9,"40,6","49,13",,,Ložisko
"6303 N",,0,"32,1","38,84",,,Ložisko
"6303 2RS",,12,"37,5","45,38",,,Ložisko
"6303 2Z",,29,"43,7","52,88",,,Ložisko
"6303 2Z/C3",,0,48,"58,08",,,Ložisko
"6304 A",,13,"37,3","45,13",,,Ložisko
"6304 C3",,2,"35,7","43,2",,,Ložisko
"6304 N",,0,"44,6","53,97",,,Ložisko
"6304 N",,3,"44,6","53,97",,,Ložisko
"6304 2RS",,14,"47,1","56,99",,,Ložisko
"6304 2Z",,9,"45,2","54,69",,,Ložisko
"6304 2Z      C3",,6,"37,1","44,89",,,Ložisko
"6305 A",,14,"38,5","46,59",,,Ložisko
"6305 A   C3",,9,"49,6","60,02",,,Ložisko
"6305 N",,5,"49,8","60,26",,,Ložisko
"6305 2RS",,15,"65,2","78,89",,,Ložisko
"6305 2RS C3",,11,"58,3","70,54",,,Ložisko
"6305 2Z",,17,"50,7","61,35",,,Ložisko
"6305 2Z C3",,6,"58,3","70,54",,,Ložisko
"6306 A",,4,"67,2","81,31",,,Ložisko
"6306 N",,5,86,"104,06",,,Ložisko
"6306 Z",,3,91,"110,11",,,Ložisko
"6306 2RS",,12,"86,1","104,18",,,Ložisko
"6306 2RS C3",,0,"105,7","127,9",,,Ložisko
"6306 2Z",,11,91,"110,11",,,Ložisko
"6306 2Z C3",,3,"92,2","111,56",,,Ložisko
"6307 A",,8,84,"101,64",,,Ložisko
"6307 A  C2",,0,"75,9","91,84",,,Ložisko
"6307 AN",,2,"108,1","130,8",,,Ložisko
"6307 TB P6",,0,511,"618,31",,,Ložisko
"6307 2RS",,9,"91,9","111,2",,,Ložisko
"6307 2Z",,16,"105,8","128,02",,,Ložisko
"6308  A",,8,"118,7","143,63",,,Ložisko
"6308  C3",,0,"173,8","210,3",,,Ložisko
"6308  N",,0,"166,4","201,34",,,Ložisko
"6308 P6",,0,"132,7","160,57",,,Ložisko
"6308 2RS",,14,"119,2","144,23",,,Ložisko
"6308 2Z",,10,"159,8","193,36",,,Ložisko
"6309 A",,11,"187,5","226,88",,,Ložisko
"6309 A N",,9,"185,2","224,09",,,Ložisko
"6309 2RS",,14,"221,9","268,5",,,Ložisko
"6309 2Z",,4,"135,6","164,08",,,Ložisko
"6309 2Z/C3",,1,"147,8","178,84",,,Ložisko
"6310 A",,3,"253,9","307,22",,,Ložisko
"6310 AN",,4,285,"344,85",,,Ložisko
"6310 AV NILOS",,0,"83,1","100,55",,,Ložisko
"6310 TB P6",,0,"1064,3","1287,8",,,Ložisko
"6310 2RS",,16,"237,3","287,13",,,Ložisko
"6310 2Z",,2,"221,9","268,5",,,Ložisko
"6311 A",,4,"301,5","364,82",,,Ložisko
"6311 AN",,0,301,"364,21",,,Ložisko
"6311 TB P6",,2,626,"757,46",,,Ložisko
"6311 Z",,0,"282,2","341,46",,,Ložisko
"6311 2RS",,5,360,"435,6",,,Ložisko
"6312 A",,3,"343,4","415,51",,,Ložisko
"6312 A   2Z",,2,"343,4","415,51",,,Ložisko
"6312 2RS",,3,"331,7","401,36",,,Ložisko
"6313 A",,4,"316,1","382,48",,,Ložisko
"6313 A 2Z",,0,"316,1","382,48",,,Ložisko
"6313 N",,0,"481,8","582,98",,,Ložisko
"6313 P63",,0,"658,1","796,3",,,Ložisko
"6313 2RS",,1,"593,3","717,89",,,Ložisko
"6314  N",,0,"649,7","786,14",,,Ložisko
"6314  2RS",,4,657,"794,97",,,Ložisko
"6314 A",,2,"1258,3","1522,54",,,Ložisko
"6314 C2",,0,620,"750,2",,,Ložisko
"6314 2Z",,0,"613,2","741,97",,,Ložisko
"6315 A",,0,"621,8","752,38",,,Ložisko
"6315 A  2Z",,2,768,"929,28",,,Ložisko
"6315 A  2Z   C3",,2,"621,8","752,38",,,Ložisko
"6315 AN",,0,648,"784,08",,,Ložisko
"6315 2Z",,0,"780,4","944,28",,,Ložisko
"6316 A",,1,"842,4","1019,3",,,Ložisko
"6317 A",,2,"964,8","1167,41",,,Ložisko
"6318 A",,1,1188,"1437,48",,,Ložisko
"635 2RS",,0,"57,6","69,7",,,Ložisko
"635 2Z",,15,"28,9","34,97",,,Ložisko
6403,,3,"109,5","132,5",,,Ložisko
"6403 RS",,2,"109,5","132,5",,,Ložisko
6404,,6,"129,1","156,21",,,Ložisko
6405,,4,"153,2","185,37",,,Ložisko
"6405 N",,0,"186,3","225,42",,,Ložisko
"6405 2Z",,0,"153,2","185,37",,,Ložisko
6406,,5,"195,6","236,68",,,Ložisko
"6406  N",,0,"176,7","213,81",,,Ložisko
"6406 2Z P6      CX",,0,"199,3","241,15",,,Ložisko
6407,,4,"208,6","252,41",,,Ložisko
"6407                         HUNGAR",,1,"208,6","252,41",,,Ložisko
6408,,3,"217,5","263,18",,,Ložisko
"6409                          MAĎ",,2,247,"298,87",,,Ložisko
"6409                          ZKL",,2,"246,7","298,51",,,Ložisko
"6409 N",,2,386,"467,06",,,Ložisko
6410,,2,"352,8","426,89",,,Ložisko
6411,,0,"495,1","599,07",,,Ložisko
"6411  N",,0,"552,2","668,16",,,Ložisko
6413,,1,"852,6","1031,65",,,Ložisko
6414,,1,1095,"1324,95",,,Ložisko
6415,,7,"1360,6","1646,33",,,Ložisko
"6416          ZKL",,0,"2838,8","3434,95",,,Ložisko
"6812 2RS",,0,"770,5","932,31",,,Ložisko
68305,,0,225,"272,25",,,Ložisko
"684 2Z      EZO  Japan",,4,"93,4","113,01",,,Ložisko
686,,0,84,"101,64",,,Ložisko
"686 2Z",,0,"77,1","93,29",,,Ložisko
687,,0,"46,7","56,51",,,Ložisko
"687 2Z",,0,"84,4","102,12",,,Ložisko
"688 2Z",,8,"50,7","61,35",,,Ložisko
"688 2Z                        EZO",,7,"79,4","96,07",,,Ložisko
"6903 2 Z",,0,"29,8","36,06",,,Ložisko
"6906 2RS",,0,"141,1","170,73",,,Ložisko
"693 2 Z                      EZO",,10,65,"78,65",,,Ložisko
"694 2 Z                      EZO",,0,"64,6","78,17",,,Ložisko
"696 2 RS",,0,"87,8","106,24",,,Ložisko
"696 2 Z                      EZO",,8,"75,9","91,84",,,Ložisko
"697 2 RS  (619/7 RS)  NSK",,9,"192,1","232,44",,,Ložisko
"698 2Z       NSK",,2,"150,4","181,98",,,Ložisko
"698 2Z   WD",,4,"48,9","59,17",,,Ložisko
"6/16 2Z  (6x16x5)",,0,"102,8","124,39",,,Ložisko
"7201 BE TNG",,0,115,"139,15",,,Ložisko
7202,,1,"61,2","74,05",,,Ložisko
"7202  B",,0,110,"133,1",,,Ložisko
7203,,3,"89,6","108,42",,,Ložisko
"7204                           DKF",,0,"83,4","100,91",,,Ložisko
"7204 AA",,0,"78,8","95,35",,,Ložisko
"7205  AA",,2,"78,8","95,35",,,Ložisko
"7206 B",,1,115,"139,15",,,Ložisko
"7206 CATB P5",,0,"1065,8","1289,62",,,Ložisko
"7207 B",,2,"158,1","191,3",,,Ložisko
"7208 AA",,5,184,"222,64",,,Ložisko
"7208 B",,3,"204,7","247,69",,,Ložisko
"7209  AA",,1,"144,9","175,33",,,Ložisko
"7209  ATB P5       ZKL",,0,"1401,6","1695,94",,,Ložisko
"7210  AA",,4,350,"423,5",,,Ložisko
"7211  AA",,0,555,"671,55",,,Ložisko
"7211 CATB P4",,0,"1933,4","2339,41",,,Ložisko
7212,,2,"195,2","236,19",,,Ložisko
"7212 CAT P5",,0,1625,"1966,25",,,Ložisko
7213,,1,1606,"1943,26",,,Ložisko
"7213 CATB P4",,0,2167,"2622,07",,,Ložisko
"7215 CATB -5",,1,"2661,6","3220,54",,,Ložisko
"7217  CATB-5",,1,3989,"4826,69",,,Ložisko
"7303  AA",,0,"79,6","96,32",,,Ložisko
"7304 B",,2,"124,8","151,01",,,Ložisko
"7305 BTNGBP           DKF",,2,"104,6","126,57",,,Ložisko
7306,,0,"201,5","243,82",,,Ložisko
7308,,1,219,"264,99",,,Ložisko
"7909  K1                    SSSR",,7,"197,7","239,22",,,Ložisko
"8105  AXI.",,0,"153,3","185,49",,,Ložisko
"8111                          USSR",,0,24,"29,04",,,Ložisko
"8208                          USSR",,0,"21,3","25,77",,,Ložisko
??????????,,0,"79,6","96,32",,,Ložisko
,,,,,,,
